{
  "val_acc": [
    0.8571428571428571,
    0.8701298701298701,
    0.8766233766233766,
    0.8896103896103896,
    0.9090909090909091,
    0.935064935064935,
    0.922077922077922,
    0.9155844155844156,
    0.935064935064935,
    0.922077922077922,
    0.935064935064935,
    0.9545454545454546,
    0.9415584415584416,
    0.948051948051948,
    0.9545454545454546,
    0.9545454545454546,
    0.9545454545454546,
    0.961038961038961,
    0.961038961038961,
    0.9675324675324676,
    0.961038961038961,
    0.961038961038961,
    0.961038961038961,
    0.961038961038961,
    0.9675324675324676,
    0.9675324675324676,
    0.9675324675324676,
    0.9675324675324676,
    0.9675324675324676,
    0.9675324675324676
  ],
  "val_f1": [
    0.8658536585365854,
    0.8780487804878049,
    0.8834355828220859,
    0.8944099378881988,
    0.9125,
    0.9358974358974359,
    0.9240506329113924,
    0.9171974522292994,
    0.9358974358974359,
    0.9230769230769231,
    0.935064935064935,
    0.9548387096774194,
    0.9426751592356688,
    0.948051948051948,
    0.9548387096774194,
    0.9548387096774194,
    0.9554140127388535,
    0.9615384615384616,
    0.9615384615384616,
    0.9681528662420382,
    0.9615384615384616,
    0.9615384615384616,
    0.9615384615384616,
    0.9620253164556962,
    0.9681528662420382,
    0.9681528662420382,
    0.9685534591194969,
    0.9685534591194969,
    0.9685534591194969,
    0.9685534591194969
  ],
  "client_losses": {
    "0": [
      0.6442639470100403,
      0.4948121726512909,
      0.49935642182826995,
      0.5319411873817443,
      0.527461376786232,
      0.5060942709445954,
      0.4789767682552338,
      0.45314753651618955,
      0.4972897469997406,
      0.47254467010498047,
      0.4193643033504486,
      0.41129589825868607,
      0.38962591588497164,
      0.3693907618522644,
      0.39084333181381226,
      0.39145170748233793,
      0.4001066297292709,
      0.4171055793762207,
      0.3452604696154594,
      0.35352234840393065,
      0.35471525490283967,
      0.4464245572686195,
      0.3693488992750645,
      0.37238678336143494,
      0.4004302740097046,
      0.2950685828924179,
      0.33931009471416473,
      0.3998347967863083,
      0.4032262474298477,
      0.4172152116894722
    ],
    "1": [
      0.5032308815763546,
      0.3827345747214097,
      0.3457567294056599,
      0.3155328234227804,
      0.30247646959928365,
      0.3006515295459674,
      0.2699683303443285,
      0.264282885996195,
      0.2557226278460943,
      0.23415803387761117,
      0.22876228509614102,
      0.23022468219009729,
      0.2230251267265815,
      0.21901928874162527,
      0.2056269082885522,
      0.2089673085281482,
      0.19464596985624386,
      0.19949009785285363,
      0.1850622562261728,
      0.19025333735805292,
      0.17423507794737816,
      0.19148520337990843,
      0.1784865448394647,
      0.18791575993482884,
      0.17320026195106597,
      0.17367432267906574,
      0.16858029908572253,
      0.16999203989712092,
      0.15209291172572054,
      0.16207056411613638
    ],
    "2": [
      0.6545676767826081,
      0.4315409004688263,
      0.4355335757136345,
      0.3566571146249771,
      0.37740138322114947,
      0.37411924749612807,
      0.3783797949552536,
      0.3308378502726555,
      0.26904032491147517,
      0.29584955647587774,
      0.36373119950294497,
      0.2240734577178955,
      0.3301905825734138,
      0.17027468383312225,
      0.22162840515375137,
      0.27188778668642044,
      0.20501238703727723,
      0.23361196964979172,
      0.2648280251771212,
      0.2389116771519184,
      0.2422219540923834,
      0.24675472639501095,
      0.2386302776634693,
      0.18406460471451283,
      0.25746614933013917,
      0.20125476326793432,
      0.27227854244410993,
      0.1360310534015298,
      0.13708621598780155,
      0.1920726465061307
    ],
    "3": [
      0.5805456204847856,
      0.36616769216277384,
      0.3618657120249488,
      0.295261181213639,
      0.2873641084540974,
      0.26951668005097995,
      0.26862489554015073,
      0.2618161628192121,
      0.24566508788954128,
      0.23969883851029655,
      0.2619249324906956,
      0.23740202378142963,
      0.24546987224708905,
      0.23157874752174723,
      0.2237096522342075,
      0.2150147027590058,
      0.23185292333364488,
      0.18443804999644106,
      0.19300354068929498,
      0.22404402115128258,
      0.23234256431460382,
      0.19690921015360138,
      0.20450316877527672,
      0.21495505872775209,
      0.1888412269678983,
      0.18384661545807665,
      0.18858474499799988,
      0.18713080039755864,
      0.17423833642493594,
      0.1880157282575965
    ],
    "4": [
      0.6343617498874664,
      0.5169572979211807,
      0.4950176864862442,
      0.5137461632490158,
      0.48885424733161925,
      0.5783338069915771,
      0.5561563342809677,
      0.5584762036800385,
      0.49987420737743377,
      0.4855313867330551,
      0.46625258550047877,
      0.5320004492998123,
      0.5773405432701111,
      0.4767576903104782,
      0.5868777945637703,
      0.505901875346899,
      0.6025852918624878,
      0.4953987866640091,
      0.5350733377039433,
      0.6103596985340118,
      0.5697329774498939,
      0.6021109849214554,
      0.5782320499420166,
      0.5261371448636055,
      0.5468850508332253,
      0.5183659136295319,
      0.6182175248861312,
      0.5608589828014374,
      0.40495172142982483,
      0.5848072797060013
    ]
  }
}